1647518400000;1;28;1;7.3658;25011657.51
1647532800000;7.3775;8.46;7.1882;7.7777;20546858.73
1647547200000;7.7777;8.9;7.6841;8.5192;13864116.04
1647561600000;8.5192;12.2;8.5192;11.1032;35143793.22
1647576000000;11.1013;14.89;10.6;13.8602;30620184.57
1647590400000;13.8604;18;13.61;15.4;49517379.93
1647604800000;15.4;16.4;12.61;13.0326;33728677.61
1647619200000;13.0268;14.949;12.649;14.2443;23372586.98
1647633600000;14.2443;14.7;12.88;13.08;10178522.83
1647648000000;13.0801;14.75;12.71;14.0551;12049373.31
1647662400000;14.0578;14.2832;13.0628;13.2449;7107521.93
1647676800000;13.2406;13.8253;12.9208;13.4109;7548915.03
1647691200000;13.4069;14.2967;12.95;14.1563;8906254.16
1647705600000;14.1563;14.5;12.641;13.12;10473884.42
1647720000000;13.1187;13.3483;11.4254;11.7213;8707595.19
1647734400000;11.728;11.8249;11.1838;11.4779;10102043.25
1647748800000;11.4795;11.9472;11.25;11.4917;5593407.48
1647763200000;11.4875;11.6699;10.81;11.0099;7924690.65
1647777600000;11.0068;11.47;10.6477;11.0488;9208750.51
1647792000000;11.052;11.052;10.1639;10.5689;7982843.73
1647806400000;10.5716;10.6104;9.5047;9.6302;7247576.36
1647820800000;9.6291;10.35;9.5684;10.2428;12715513.48
1647835200000;10.2427;11.0079;10.0608;10.8156;12109759.6
1647849600000;10.8224;10.95;10.234;10.6328;8026415.18
1647864000000;10.6298;10.6818;9.9525;10.2148;6540747.48
1647878400000;10.2117;10.3277;9.7019;9.8863;4391612.97
1647892800000;9.8834;10.8364;9.7618;10.5042;6606337.49
1647907200000;10.5109;11.6429;10.205;11.3063;11776811.8
1647921600000;11.3088;11.4959;10.7161;10.7561;6565155.06
1647936000000;10.7568;10.9307;10.5661;10.8678;3375491.45
1647950400000;10.8705;10.985;10.5679;10.9221;3156916.92
1647964800000;10.9263;12.5857;10.9263;12.2773;14058603.97
1647979200000;12.2747;12.46;11.8273;12.217;8635602.42
1647993600000;12.2167;12.8476;11.59;11.7292;9543787.65
1648008000000;11.7205;12.3411;11.5005;11.9674;5911836.7
1648022400000;11.967;12.2888;11.8235;12.0777;4253368.8
1648036800000;12.0815;13.4;11.9305;13.2629;12555008.17
1648051200000;13.2687;13.4847;12.6301;13.1806;8362119.44
1648065600000;13.1858;13.5083;12.9038;13.312;4959760.69
1648080000000;13.3077;14.068;13.138;13.6381;8396452.97
1648094400000;13.6377;14.5;13.5779;14.3601;6470471.62
1648108800000;14.36;14.4982;13.4203;13.5485;8264612.67
1648123200000;13.5453;13.6974;13.05;13.6708;7748881.66
1648137600000;13.6708;13.77;13.2334;13.5022;3880850.34
1648152000000;13.4987;13.6616;12.77;12.9032;3089994.59
1648166400000;12.8973;13.124;12.6559;12.93;4386166.86
1648180800000;12.9328;13.4961;12.83;13.2718;4252588.88
1648195200000;13.2702;13.4195;13.0027;13.3499;2846631.81
1648209600000;13.3496;13.6977;12.8528;12.9712;4526185.2
1648224000000;12.9698;13.1194;12.3861;12.6105;4515881.53
1648238400000;12.6112;12.7591;12.2316;12.3861;2359827.28
1648252800000;12.3864;13;12.3535;12.8077;2945911.18
1648267200000;12.8093;13.2688;12.7098;13.0141;2719758.45
1648281600000;13.0142;13.1121;12.6919;12.73;2112204.7
1648296000000;12.731;13.7738;12.6044;13.5402;7653990.87
1648310400000;13.5451;14.2499;13.4501;13.8915;7758775.56
1648324800000;13.8907;13.998;13.5201;13.8287;2781157.78
1648339200000;13.8288;13.88;13.295;13.517;2669013.83
1648353600000;13.52;14.2415;13.3698;14.1391;4408274.74
1648368000000;14.1433;14.3568;13.7202;13.9821;4830542.28
1648382400000;13.9821;14.1635;13.5254;13.9398;4200721.3
1648396800000;13.9413;14.1135;13.7047;13.7441;2632286.16
1648411200000;13.7441;14.3;13.659;14.27;2622953
1648425600000;14.2702;15.5571;14.197;15.2514;8824424.24
1648440000000;15.2499;15.34;14.638;14.6914;4436642.31
1648454400000;14.6913;15.45;14.6367;15.4231;4658032.61
1648468800000;15.4178;15.5;14.6001;14.7919;5405045.72
1648483200000;14.7944;15.2299;14.705;14.9799;2658541.64
1648497600000;14.9735;15.15;13.888;14.0275;3892782.19
1648512000000;14.0269;14.4329;13.65;14.2329;3988388.27
1648526400000;14.2299;14.5676;13.9;14.0391;2650716.79
1648540800000;14.039;14.4697;14.0189;14.3237;1683838.58
1648555200000;14.3261;14.5437;13.709;13.8464;3510184.12
1648569600000;13.8436;14;13.3333;13.9082;3583999.04
1648584000000;13.9066;13.9598;13.3511;13.595;2684879.14
1648598400000;13.595;13.84;13.0385;13.371;3497728.88
1648612800000;13.37;14.5001;13.2071;14.1893;6081849.78
1648627200000;14.182;14.5805;13.8101;14.401;4812703.4
1648641600000;14.4011;14.42;13.658;13.9598;3272311.95
1648656000000;13.96;14.2592;13.7029;13.8728;2166496.37
1648670400000;13.8751;14.2471;13.66;14.2103;1492882.36
1648684800000;14.2102;14.3988;13.8598;14.042;2605146.01
1648699200000;14.0421;14.112;13.8101;13.9092;1333832.65
1648713600000;13.9078;14.03;13.7686;13.8548;1544950.84
1648728000000;13.8583;14.1114;12.51;13.1073;6843253.78
1648742400000;13.0933;13.1507;12.6392;12.692;3245252.9
1648756800000;12.6951;12.9316;12.5;12.7025;1713790.56
1648771200000;12.704;12.9554;12.2364;12.6359;2462946.32
1648785600000;12.636;12.7924;12.5;12.7812;2162072
1648800000000;12.7811;13.05;12.63;12.6651;1873551.39
1648814400000;12.6651;13.6;12.3863;13.3362;3695944.73
1648828800000;13.3363;13.3734;13.0295;13.1859;1418657.65
1648843200000;13.1822;13.2576;12.657;12.8185;1362544.1
1648857600000;12.8237;13.2573;12.4882;12.9929;2661395.77
1648872000000;12.9976;13.2101;12.8635;13.0338;1221580.67
1648886400000;13.0354;13.8169;12.9884;13.5021;3701670.71
1648900800000;13.5029;13.7276;12.67;12.7901;3719462.86
1648915200000;12.7878;13.0274;12.52;12.7213;1956875.17
1648929600000;12.7146;12.82;12.3553;12.4238;1197748
1648944000000;12.4221;12.65;12.33;12.5649;1617853.73
1648958400000;12.5699;12.8;12.5183;12.7044;998932.06
1648972800000;12.7035;12.7659;12.5095;12.7029;965269.16
1648987200000;12.7024;12.923;12.35;12.6093;1919918.35
1649001600000;12.6094;12.67;11.8621;12.0891;3564547.53
1649016000000;12.0905;12.4902;12.052;12.3824;1066237.94
1649030400000;12.3874;12.422;12.1001;12.2644;1098991.92
1649044800000;12.2636;12.3477;12.1301;12.199;747955.78
1649059200000;12.1984;12.2;11.6656;11.9099;1739753.48
1649073600000;11.9119;12.056;11.4815;11.5766;2079600.81
1649088000000;11.5799;11.77;11.1357;11.743;2282316.53
1649102400000;11.7449;12.125;11.6745;11.9325;1328648.06
1649116800000;11.9317;12.3;11.788;12.2886;1284930.4
1649131200000;12.2932;12.4485;12.01;12.2464;1552421.36
1649145600000;12.2437;12.75;12.1578;12.6146;2855230.01
1649160000000;12.6149;12.7953;12.0163;12.1183;2673133.88
1649174400000;12.118;12.2941;11.5144;11.8034;2509890.59
1649188800000;11.8034;11.9287;11.5101;11.6299;1277134.35
1649203200000;11.6298;11.9206;11.22;11.7015;2518341.12
1649217600000;11.6974;12.038;11.6094;11.7372;1897480.22
1649232000000;11.7284;11.8395;11.22;11.2535;2563891.87
1649246400000;11.2491;11.3276;10.72;10.8825;4720907.32
1649260800000;10.8804;11.1191;10.515;11.0088;2626521.37
1649275200000;11.0085;11.0885;10.6;10.6597;882194.36
1649289600000;10.6602;11.2834;10.6225;11.1365;3235130.98
1649304000000;11.1387;11.299;10.9368;11.1489;1126131.77
1649318400000;11.149;11.2741;10.862;11.2121;1149400.29
1649332800000;11.2084;11.2925;10.6886;10.8585;1584333.68
1649347200000;10.8586;11.0968;10.7933;10.963;948302.72
1649361600000;10.9579;11.2585;10.9121;11.1757;669517.94
1649376000000;11.1748;11.6131;11.0858;11.3966;1890110.91
1649390400000;11.3965;11.5409;11.1202;11.355;1578596.11
1649404800000;11.3555;11.5564;10.9201;10.9669;1654423.41
1649419200000;10.9638;11.337;10.8042;11.3341;1380121.38
1649433600000;11.3321;11.4922;10.8546;11.029;1299901.57
1649448000000;11.0287;11.0723;10.6661;10.7797;1020127.73
1649462400000;10.7787;10.9443;10.73;10.8876;803168.78
1649476800000;10.8887;10.9888;10.8048;10.9012;561291.81
1649491200000;10.8957;10.9468;10.8;10.8727;474550.94
1649505600000;10.8727;11.0498;10.6;10.6648;1131165
1649520000000;10.6619;10.8828;10.6564;10.7663;684823.98
1649534400000;10.7662;11.0217;10.7315;10.9757;497045.74
1649548800000;10.9758;11.2886;10.9149;11.1563;1052443.44
1649563200000;11.1581;11.2051;10.9452;11.0254;669009.08
1649577600000;11.0242;11.0524;10.83;10.9769;581719.22
1649592000000;10.9815;11.578;10.8603;11.4639;1842397.52
1649606400000;11.4646;12.37;11.4631;12.2039;6650016.72
1649620800000;12.2039;12.4;11.8656;12.0711;4759752.08
1649635200000;12.0738;12.2232;11.3595;11.3945;5225168.89
1649649600000;11.3973;11.497;11.2256;11.3396;2218625.47
1649664000000;11.3414;11.3862;10.6612;10.7896;3187797.9
1649678400000;10.7874;11.1594;10.6902;10.7086;3191258.7
1649692800000;10.7074;11.336;10.7057;11.0171;4957324.82
1649707200000;11.0149;11.2431;10.7899;10.9404;2806690.61
1649721600000;10.9464;11.1124;10.7;10.8991;1801580.53
1649736000000;10.8956;11.15;10.88;11.1228;1273103.86
1649750400000;11.1227;11.7719;11.0734;11.6414;3648828.25
1649764800000;11.6359;12.11;11.4435;11.6687;5597882.99
1649779200000;11.6656;11.8076;11.1368;11.2193;2134301.12
1649793600000;11.2207;11.6733;11.1989;11.5902;1413181.8
1649808000000;11.5897;12.2143;11.4549;12.1362;2907348.05
1649822400000;12.1352;12.49;12.0257;12.3553;3994073.1
1649836800000;12.3587;12.52;11.8644;12.0117;3980020.49
1649851200000;12.0104;12.8568;11.87;12.7353;7318590.81
1649865600000;12.7422;12.87;12.5484;12.7023;2367249.56
1649880000000;12.7036;13.48;12.6753;13.2423;4205278.09
1649894400000;13.2415;13.4;12.9;13.0797;2494291.92
1649908800000;13.0797;13.3;12.9571;13.0554;1605402.27
1649923200000;13.0503;13.5721;12.925;13.0166;3531141.35
1649937600000;13.0178;13.3129;12.1057;12.1861;5892574.96
1649952000000;12.1862;12.2863;11.9315;12.048;3507620.95
1649966400000;12.0513;12.2935;11.9414;12.2676;1538318.91
1649980800000;12.2675;12.4879;12.1426;12.4799;1540208.55
1649995200000;12.4806;12.6206;12.0196;12.2342;2086074.23
1650009600000;12.2342;12.2985;12.0365;12.1712;926374.02
1650024000000;12.1712;12.3615;11.9814;12.2905;1883259.68
1650038400000;12.2917;12.4879;12.1658;12.1749;1358751.11
1650052800000;12.1719;12.2754;12.1136;12.2346;664048.21
1650067200000;12.236;12.2936;12.063;12.1494;756338.21
1650081600000;12.1429;12.2031;12.014;12.0926;625542.78
1650096000000;12.0926;12.1716;12.0273;12.12;781010.23
1650110400000;12.1225;12.1421;11.2967;11.3798;3086634.17
1650124800000;11.3769;11.5982;11.3359;11.566;1414580.02
1650139200000;11.5609;11.8456;11.5393;11.6643;1218941.7
1650153600000;11.6636;11.6824;11.4499;11.5251;770201.23
1650168000000;11.521;11.6425;11.5059;11.5256;589218.7
1650182400000;11.5291;11.8098;11.5262;11.7051;1116667.36
1650196800000;11.7045;12.0497;11.6196;11.9682;2052967.18
1650211200000;11.9668;12.1;11.6504;11.9149;1741851.03
1650225600000;11.9154;12.01;11.471;11.6991;1491204.13
1650240000000;11.6948;11.8624;11.535;11.626;1204526.83
1650254400000;11.6316;11.6449;10.9;11.0069;3046648.88
1650268800000;11.0089;11.2619;10.9643;11.1608;1157649.98
1650283200000;11.1611;11.459;11.16;11.2562;2016218.34
1650297600000;11.2579;11.7606;11.1101;11.6182;2317959.13
1650312000000;11.6186;11.9169;11.576;11.8672;1129746.83
1650326400000;11.8712;12.4981;11.671;12.4498;3252182.17
1650340800000;12.4445;12.72;12.2982;12.4424;3370343.91
1650355200000;12.4424;12.56;12.1115;12.1922;2398239.46
1650369600000;12.1916;13.1899;12.1901;12.9576;4545626.03
1650384000000;12.9563;13.5308;12.8932;13.2205;4057838.19
1650398400000;13.219;13.48;13.0279;13.3739;1628472.9
1650412800000;13.3739;17.4;12.9648;16.1809;15726152.53
1650427200000;16.1809;16.3832;15.346;15.8654;13450273.55
1650441600000;15.8652;17.32;15.8318;16.3711;14296092.81
1650456000000;16.3715;16.6622;15.5751;15.9739;8428936.33
1650470400000;15.9683;16.4989;15.7263;16.1491;5546911.61
1650484800000;16.1492;17.52;15.9331;16.7269;8653341.02
1650499200000;16.722;16.7863;15.2796;15.524;8109027.29
1650513600000;15.5195;15.795;14.3983;14.9468;7063045.67
1650528000000;14.9529;15.7874;14.8601;15.3884;6491113.61
1650542400000;15.3887;15.68;14.8;15.0399;4653847.07
1650556800000;15.0399;15.57;14.701;14.7694;3835972.72
1650571200000;14.7655;14.9455;14.0537;14.2885;4827306.52
1650585600000;14.2887;14.6906;13.6921;13.8409;5868269.64
1650600000000;13.841;14.3702;13.8335;14.2307;3184097.75
1650614400000;14.2307;14.6;13.9689;14.4931;2545750.35
1650628800000;14.4907;14.6;13.8;14.3805;3748901.19
1650643200000;14.377;15.3319;14.3;14.9472;5521293.73
1650657600000;14.9366;15.4872;14.7113;15.3693;4021253.01
1650672000000;15.3694;16.6671;15.166;16.516;8668710.47
1650686400000;16.5162;17.2;16.157;16.6407;9301901.33
1650700800000;16.6397;17.15;16.2304;16.9554;6574009.07
1650715200000;16.9531;18.0153;16.3428;17.4974;7540182.9
1650729600000;17.5;18.4497;17.0748;17.2543;11417235.99
1650744000000;17.2544;17.3862;16.2481;16.6921;5634811.26
1650758400000;16.683;16.8076;15.998;16.2408;5219824.72
1650772800000;16.2389;16.584;15.9047;16.5095;4311817.9
1650787200000;16.5096;16.76;16.15;16.3482;4299929.54
1650801600000;16.3459;17.4444;16.0572;17.2166;7434308.96
1650816000000;17.2134;17.76;16.74;17.6362;5893372.61
1650830400000;17.6363;17.8744;16.6513;16.8171;4443699.2
1650844800000;16.8184;17.2568;16.18;16.9224;6958160.66
1650859200000;16.9281;17.1695;16.2;16.7441;4731514.37
1650873600000;16.7376;17.84;16.6251;17.2163;9625485.59
1650888000000;17.2163;17.9;17.0124;17.6674;6065097.14
1650902400000;17.6653;18.35;17.4116;18.0204;7527522.12
1650916800000;18.0159;19.6;17.6603;19.3348;7587371.57
1650931200000;19.3416;19.57;18.4747;18.586;8426705.06
1650945600000;18.5865;18.7953;17.77;17.893;6213848.92
1650960000000;17.8978;18.4022;17.8506;17.9947;4870532.19
1650974400000;17.9939;18.244;17.41;17.817;6799802.45
1650988800000;17.8157;18.27;17.5029;18.1257;5517082.47
1651003200000;18.1248;18.5555;17.7357;18.0798;4111133.96
1651017600000;18.0857;18.4168;17.8472;18.058;3323227.34
1651032000000;18.0524;18.8062;17.9999;18.6572;3753566.4
1651046400000;18.6572;19.31;18.56;18.9601;6196617.84
1651060800000;18.9622;19.4343;18.8233;19.1891;4925175.59
1651075200000;19.1891;19.793;19.0565;19.6444;5729849.81
1651089600000;19.64;19.94;19.2164;19.4162;3878618.04
1651104000000;19.4163;20.2275;19.1053;19.7498;5030077.57
1651118400000;19.7492;20.32;19.59;19.971;4037045.62
1651132800000;19.9711;20.5008;19.8708;20.253;3773760.02
1651147200000;20.253;21.8095;20.2463;21.471;9214134.58
1651161600000;21.4707;24.3;21.3634;23.672;12943648.65
1651176000000;23.6673;27.6015;22.9188;23.7068;22628250.03
1651190400000;23.7086;24.455;20.6289;20.9266;22607446.42
1651204800000;20.9268;21.9;20.5227;21.883;12655609.3
1651219200000;21.8779;23.7442;21;22.1459;18096823.97
1651233600000;22.1409;23.2149;21.3805;23.0495;12878455.94
1651248000000;23.0513;23.2222;19.3204;19.8283;13154429.77
1651262400000;19.8278;20.4;18.3114;19.1292;9831170.37
1651276800000;19.1359;23.42;19.1335;22.7002;14599003.08
1651291200000;22.7001;25.6066;21.9001;24.211;15636775.21
1651305600000;24.2127;24.2837;22.4083;22.95;10228516.32
1651320000000;22.95;24.65;21.61;21.8569;11452733.3
1651334400000;21.8356;22.368;20.8;22.2125;8978194.11
1651348800000;22.2063;22.5258;19.3401;19.9793;10832502.53
1651363200000;19.99;20.4406;18.2321;18.2853;12707376.19
1651377600000;18.2847;19;16.6005;17.4779;16487606.24
1651392000000;17.4785;18.1262;16.748;17.104;7725467.96
1651406400000;17.103;17.3586;16.05;16.4683;7927131.3
1651420800000;16.4683;17.642;16.3751;16.7207;8528677.35
1651435200000;16.7207;16.92;15.5314;15.871;8110773.75
1651449600000;15.8703;16.8204;15.8602;16.6007;7626246.19
1651464000000;16.6071;17.3504;16.1443;16.2506;8117094.05
1651478400000;16.2528;16.4861;15.11;15.4189;7760618.31
1651492800000;15.4184;15.635;14.7896;15.023;8547080.42
1651507200000;15.02;15.2699;14.206;14.7572;7632842.45
1651521600000;14.7573;15.2796;14.4003;15.0509;5834166.08
1651536000000;15.0537;15.5451;14.6245;14.6688;5072227.86
1651550400000;14.6699;15.46;14.6617;15.2394;5055811.03
1651564800000;15.2395;15.7946;15.1002;15.4599;4769677.11
1651579200000;15.4598;15.5;14.5654;14.7466;4547647.89
1651593600000;14.7458;15.11;14.35;14.7074;5107511.3
1651608000000;14.7085;14.7923;13.8669;14.1575;4842282.04
1651622400000;14.155;14.6561;14.0683;14.52;3086113.74
1651636800000;14.52;14.7774;14;14.63;4578357.78
1651651200000;14.6299;17.6537;14.4368;15.7709;29379420.82
1651665600000;15.771;16.1084;14.9;15.2557;10119127.16
1651680000000;15.2563;16.5;15.1687;16.2115;10934257.39
1651694400000;16.2116;16.3499;15.3313;15.57;5594822.35
1651708800000;15.5685;16.27;15.4245;16.0886;5709273.56
1651723200000;16.0846;16.77;16.0357;16.308;5306020.04
1651737600000;16.3099;16.4089;15.72;15.7951;3824521.99
1651752000000;15.7933;15.8551;13.2;13.7196;11663016.54
1651766400000;13.717;14.3598;12.8829;13.4155;10363300.5
1651780800000;13.4221;13.8946;13.3033;13.6918;4467565.86
1651795200000;13.6904;13.8465;13.3495;13.4953;2996077.53
1651809600000;13.4925;13.8999;12.8662;13.32;6001481.21
1651824000000;13.3183;13.6263;12.9607;13.1891;4991809.05
1651838400000;13.1898;13.6546;12.6819;13.2948;8241237.69
1651852800000;13.2937;13.4778;13.0851;13.3025;2979782.75
1651867200000;13.3026;13.37;13.0488;13.2622;1381751.01
1651881600000;13.2643;13.33;12.3882;12.5233;3356402.45
1651896000000;12.5227;12.7786;12.1891;12.6152;3961802.89
1651910400000;12.6205;13.1064;12.5166;12.9488;4043217.41
1651924800000;12.9494;12.9801;12.5324;12.8018;2998619.74
1651939200000;12.8022;12.9868;12.6311;12.6932;2091039.85
1651953600000;12.6935;12.7141;12.1162;12.3488;4057063.47
1651968000000;12.3547;12.5125;11.7688;12.0437;4009902.35
1651982400000;12.0427;12.3298;11.9044;12.0835;2079129.36
1651996800000;12.0831;12.23;11.8115;12.0916;2273586.41
1652011200000;12.0932;12.1334;11.5074;11.6358;3627131.79
1652025600000;11.6371;11.7365;11.0704;11.4048;5461813.64
1652040000000;11.4003;11.4328;11.08;11.2365;2260948.4
1652054400000;11.2335;11.6454;10.9051;11.1794;5015126.21
1652068800000;11.1792;11.3981;10.9833;11.1592;2707191.67
1652083200000;11.1592;11.4494;10.7;10.8702;6094207.46
1652097600000;10.8693;11.1868;9.9739;10.0892;8134120.42
1652112000000;10.0892;10.0941;8.68;9.2996;18664665.7
1652126400000;9.3104;9.76;7.9091;8.0053;10782762.88
1652140800000;8.0057;8.832;7.7916;8.1556;14358482.6
1652155200000;8.1588;9.6827;8.0876;9.043;12184578.94
1652169600000;9.0392;9.5991;8.894;9.4863;7442951.99
1652184000000;9.4822;10.2;8.8674;9.1957;12057259.82
1652198400000;9.1966;9.5943;9.0358;9.095;5443233.13
1652212800000;9.0951;9.1411;8;9.0316;8736461.42
1652227200000;9.0271;9.4498;8.516;8.8635;5942239.78
1652241600000;8.8613;9.38;6.6434;7.3708;15125341.47
1652256000000;7.3612;8.315;7.1125;7.1571;12607838.95
1652270400000;7.1602;7.6996;5.1701;6.282;26930059.51
1652284800000;6.2867;6.4318;5.4737;5.7129;7321056.69
1652299200000;5.7206;5.9674;5.1757;5.7149;6350037.5
1652313600000;5.7305;7.2297;5.7222;5.9964;14798075.81
1652328000000;5.9964;6.6409;5.4;6.3628;18424153.99
1652342400000;6.3836;6.8748;5.9738;6.3534;10040058.22
1652356800000;6.3534;9.0592;6.1951;8.2798;20479107.19
1652371200000;8.2798;9.05;7.2207;7.586;15532904.08
1652385600000;7.5845;8.3999;6.5745;7.8213;14458392
1652400000000;7.8213;9.0326;7.6607;8.5721;18105170.74
1652414400000;8.5787;9.8;8.4733;9.0049;15079957.83
1652428800000;9.011;9.5955;8.6666;9.3525;9508398.51
1652443200000;9.3535;9.7456;8.7634;9.1135;9641036.78
1652457600000;9.1167;9.3562;8.4284;8.5661;6067448
1652472000000;8.5725;9.2625;8.354;8.5479;4330812.33
1652486400000;8.5481;9.16;8.4445;8.5223;5194865.76
1652500800000;8.5191;8.5482;7.9851;8.1923;4767207.31
1652515200000;8.1946;8.2569;7.5519;7.8271;5691257.75
1652529600000;7.8264;7.9367;7.3218;7.3766;4466949.75
1652544000000;7.3791;8.52;7.2147;7.7982;6541499.33
1652558400000;7.8015;8.7548;7.7588;8.6653;4768839.4
1652572800000;8.6598;8.9517;8.0636;8.2154;4721307.07
1652587200000;8.2175;8.6305;8.135;8.2863;3762953.33
1652601600000;8.2846;8.7229;8.124;8.6713;3846632.55
1652616000000;8.6715;8.8;8.108;8.3264;4324496.62
1652630400000;8.3222;8.7439;8.2859;8.7328;2771860.93
1652644800000;8.7348;9.2;8.6704;9.1318;4246181.9
1652659200000;9.1282;9.1293;8.3548;8.4584;3829710.4
1652673600000;8.4562;8.4886;7.8248;7.9405;5036683.9
1652688000000;7.9428;8.3931;7.9238;8.2134;4238425.61
1652702400000;8.2131;8.3559;7.8652;8.0799;4226371.56
1652716800000;8.0809;8.2276;7.9;8.0704;2759691.89
1652731200000;8.0679;8.5111;8.0137;8.0797;3124750.28
1652745600000;8.0798;8.7431;8.0617;8.626;5365578.37
1652760000000;8.6297;8.88;8.434;8.4703;4525776.98
1652774400000;8.4709;8.7429;8.3879;8.6529;3262963.33
1652788800000;8.6538;9.2742;8.4858;8.5957;8813783.5
1652803200000;8.5975;8.6634;8.13;8.3733;4838309.87
1652817600000;8.3782;8.9588;8.3424;8.879;2846325.62
1652832000000;8.879;9.0809;8.4076;8.4476;4935318.06
1652846400000;8.4459;8.6732;8.3821;8.5341;2685360.59
1652860800000;8.5331;8.6376;8.4187;8.5038;2533915.61
1652875200000;8.5032;8.5096;7.627;7.7909;6385524.44
1652889600000;7.79;8.234;7.6886;8.0877;4172444.3
1652904000000;8.0864;8.1731;7.7702;7.9807;2367183.63
1652918400000;7.9799;8.1668;7.4707;7.8657;4026745.45
1652932800000;7.8663;7.992;7.68;7.8512;1941380.85
1652947200000;7.8507;7.8774;7.4275;7.8498;3425874.53
1652961600000;7.8516;8.3;7.6827;8.175;5589396.08
1652976000000;8.1751;8.2055;7.9029;7.904;2752053.34
1652990400000;7.9044;8.18;7.78;8.0707;2062799.78
1653004800000;8.0726;8.38;8.0123;8.0329;3329625.29
1653019200000;8.0332;8.129;7.753;7.9462;2336683.82
1653033600000;7.9462;8.1801;7.851;8.1434;2809452.44
1653048000000;8.1435;8.1585;7.6448;7.6909;3938810.06
1653062400000;7.6907;7.8437;7.5232;7.8287;2537958.64
1653076800000;7.8306;7.9119;7.7305;7.759;1193507.39
1653091200000;7.7587;7.8194;7.5691;7.8054;1494174.62
1653105600000;7.8047;7.8946;7.726;7.847;802454.8
1653120000000;7.85;7.9036;7.717;7.7723;1390998.79
1653134400000;7.7741;8.2359;7.6843;8.1783;2585452.97
1653148800000;8.1791;8.2415;7.9654;8.068;2210514.09
1653163200000;8.0672;8.1197;7.942;8.0305;1110762.54
1653177600000;8.0295;8.136;7.9532;7.9854;1266476.23
1653192000000;7.9856;8.0025;7.7651;7.9247;2136629.42
1653206400000;7.9236;8.1441;7.8922;7.9615;2269972.99
1653220800000;7.9597;8.23;7.95;8.0738;2713951.01
1653235200000;8.0724;8.0948;7.9018;7.9689;1178855.01
1653249600000;7.9688;8.0908;7.9204;8.0284;1247738.79
1653264000000;8.0261;8.1293;7.8322;7.917;1671394.47
1653278400000;7.9177;8.1996;7.8943;8.0907;1937378.29
1653292800000;8.0899;8.26;8.006;8.0922;2447022.33
1653307200000;8.0942;8.44;8.0612;8.3382;5962667.21
1653321600000;8.3376;8.4999;7.89;7.9011;4127881.96
1653336000000;7.9002;8.0687;7.593;7.757;2840346.87
1653350400000;7.7567;7.8959;7.7311;7.7763;1716729.79
1653364800000;7.7785;7.7951;7.6765;7.7163;1694293.66
1653379200000;7.715;7.7246;7.2801;7.4553;2585914.92
1653393600000;7.4569;7.501;7.0043;7.3242;5217803.22
1653408000000;7.3232;7.4052;7.0937;7.3481;2880102.99
1653422400000;7.3479;7.5656;7.2939;7.5102;1688604.45
1653436800000;7.5099;7.7294;7.3911;7.6095;1822152
1653451200000;7.6092;7.653;7.3451;7.3833;1724605.05
1653465600000;7.3833;7.4878;7.2557;7.2883;1996534.73
1653480000000;7.2832;7.5281;7.2607;7.3824;2569612.58
1653494400000;7.3836;7.4977;7.3175;7.3764;1704279.61
1653508800000;7.3772;7.4844;7.3156;7.3417;1021347.23
1653523200000;7.34;7.4486;7.2633;7.3084;1146594.7
1653537600000;7.3088;7.33;6.8569;6.9628;2997582.8
1653552000000;6.9641;6.9699;6.454;6.6146;5131397.69
1653566400000;6.6149;6.9931;6.2146;6.808;5170456.34
1653580800000;6.8098;7.0296;6.3786;6.3849;3073838.01
1653595200000;6.3868;6.6517;6.3569;6.3763;1874597.17
1653609600000;6.3759;6.4752;5.8972;6.1233;4129803.75
1653624000000;6.1233;6.1891;5.796;6.0568;3894498.26
1653638400000;6.0541;6.2979;5.9724;6.1575;2947999.95
1653652800000;6.1564;6.4252;5.9916;6.0365;5427118.1
1653667200000;6.0339;6.2278;5.9419;6.1724;3568960.43
1653681600000;6.173;6.2249;6.01;6.0857;1322494.2
1653696000000;6.085;6.33;6.0416;6.2017;2117450.93
1653710400000;6.2016;6.3341;6.1484;6.1898;1583344.91
1653724800000;6.1899;6.3226;6.1189;6.2481;1581451.27
1653739200000;6.2465;6.4024;6.2319;6.3398;2230894.16
1653753600000;6.3402;6.372;6.2158;6.3126;1528854.54
1653768000000;6.308;6.321;6.1785;6.2314;883441.84
1653782400000;6.2314;6.2423;5.9727;6.0912;2182527.81
1653796800000;6.0921;6.1575;6.049;6.0796;1001415.31
1653811200000;6.0821;6.2479;6.0634;6.2115;1331312.67
1653825600000;6.2121;6.365;6.119;6.1525;2222156.38
1653840000000;6.1534;6.2073;6.0936;6.1252;758293.28
1653854400000;6.1251;6.2759;6.1211;6.2365;837661.24
1653868800000;6.2375;6.63;6.156;6.5367;2928359.21
1653883200000;6.5375;6.9448;6.52;6.9187;3012635.54
1653897600000;6.9201;7.1586;6.8577;6.9389;3499324.6
1653912000000;6.9375;7.0264;6.7702;6.8421;2569838.15
1653926400000;6.8439;6.9913;6.8106;6.9407;1556311.64
1653940800000;6.9406;7.48;6.92;7.2224;4801014.38
1653955200000;7.2227;7.3399;7.0704;7.2371;2374007.61
1653969600000;7.2355;7.2758;6.8157;6.9462;2460800.06
1653984000000;6.9481;7.0237;6.8351;6.9675;1930496.12
1653998400000;6.9674;6.9753;6.5378;6.9082;4104797.98
1654012800000;6.9075;6.973;6.6408;6.6904;2742889.34
1654027200000;6.6922;6.8602;6.6919;6.7801;1301834.96
1654041600000;6.7794;6.85;6.567;6.6044;1614269.98
1654056000000;6.6053;6.8182;6.5634;6.7086;1296226.6
1654070400000;6.7102;6.8452;6.6432;6.7056;1216127.78
1654084800000;6.7057;7.0346;6.5142;6.5377;3432309.17
1654099200000;6.5356;6.5427;6.156;6.1835;3004256.56
1654113600000;6.1833;6.2242;5.9386;6.1082;3096829.32
1654128000000;6.1066;6.1463;5.9736;6.0123;2289191.5
1654142400000;6.0143;6.2276;5.9882;6.1803;1395485.68
1654156800000;6.1804;6.3012;6.1331;6.2887;1218737.59
1654171200000;6.2907;6.2993;6.0129;6.1934;2316649.84
1654185600000;6.1965;6.3119;6.1709;6.2918;1578367.64
1654200000000;6.2925;6.4889;6.2908;6.3968;1523623.56
1654214400000;6.3968;6.4959;6.3219;6.3706;1117687.31
1654228800000;6.3706;6.3834;6.2407;6.272;873462
1654243200000;6.2718;6.2893;5.9937;6.07;1921476.44
1654257600000;6.0735;6.1604;6.0184;6.1026;1660378.12
1654272000000;6.1052;6.1999;6.0524;6.1523;859909.04
1654286400000;6.1512;6.2953;6.0938;6.1309;946695.87
1654300800000;6.1309;6.1832;6.0073;6.0896;995039.33
1654315200000;6.0895;6.1799;6.0816;6.1446;563053.47
1654329600000;6.1419;6.18;6.0953;6.1276;565499.34
1654344000000;6.1275;6.2211;6.0817;6.1796;937701.1
1654358400000;6.1782;6.1903;6.1285;6.1422;532293.45
1654372800000;6.1409;6.2298;6.1241;6.1959;608448.68
1654387200000;6.1988;6.2143;6.05;6.1201;864900.75
1654401600000;6.1196;6.137;6.0746;6.0897;521686.34
1654416000000;6.0909;6.1239;6.0601;6.1009;438134.7
1654430400000;6.0997;6.1649;6.0563;6.1574;703222.62
1654444800000;6.1588;6.263;6.121;6.1759;1119402.07
1654459200000;6.1759;6.1928;6.0801;6.0991;563537.78
1654473600000;6.097;6.3672;6.0804;6.3445;1395875.42
1654488000000;6.3448;6.4437;6.3129;6.3882;1212439.87
1654502400000;6.3874;6.4425;6.32;6.33;974992.92
1654516800000;6.3301;6.3904;6.21;6.271;1447995.06
1654531200000;6.2708;6.2761;6.1755;6.2628;742275.25
1654545600000;6.2628;6.4251;6.1262;6.3899;887953.51
1654560000000;6.3895;6.398;5.9266;6.0538;2650930.49
1654574400000;6.0547;6.07;5.9759;6.0104;833471.79
1654588800000;6.0113;6.0678;5.9533;5.9694;835588.89
1654603200000;5.9692;6.1089;5.8415;6.0287;1544721.26
1654617600000;6.0287;6.2636;5.9871;6.1815;851519.61
1654632000000;6.1819;6.2545;5.9304;6.0323;1867925.21
1654646400000;6.0323;6.1246;5.8828;5.9386;1477613.2
1654660800000;5.9367;5.9997;5.8917;5.9603;931692.95
1654675200000;5.9596;6.0608;5.9246;6.007;860967.4
1654689600000;6.0068;6.0828;5.9056;6.003;1005043.85
1654704000000;6.001;6.0079;5.657;5.7867;1853846.24
1654718400000;5.7839;5.8658;5.68;5.705;722592.93
1654732800000;5.708;5.8111;5.6523;5.7733;830763.32
1654747200000;5.7727;5.8336;5.766;5.8327;465827.25
1654761600000;5.8331;5.9224;5.7898;5.7944;757096.22
1654776000000;5.797;5.84;5.7452;5.8026;973099.96
1654790400000;5.8014;5.8817;5.6743;5.6851;888238.56
1654804800000;5.6855;5.77;5.6611;5.7214;455828.02
1654819200000;5.7212;5.7421;5.5137;5.6862;1109527.81
1654833600000;5.6843;5.7346;5.6421;5.6452;422353.82
1654848000000;5.6451;5.6798;5.5631;5.6091;578716.69
1654862400000;5.6091;5.681;5.2232;5.34;2988934.68
1654876800000;5.3399;5.3455;5.1566;5.1891;1473048.39
1654891200000;5.1904;5.2914;5.12;5.1765;681679.47
1654905600000;5.1763;5.3059;5.1565;5.2624;631157.49
1654920000000;5.2624;5.3486;5.2554;5.339;647586.76
1654934400000;5.3382;5.5955;5.1503;5.1761;3193131.38
1654948800000;5.1781;5.2304;4.6831;4.7805;4413859.73
1654963200000;4.7823;4.919;4.7;4.7908;2648606.71
1654977600000;4.7908;4.8538;4.679;4.7466;1098896.71
1654992000000;4.7469;4.7983;4.2192;4.3009;4380096.02
1655006400000;4.3005;4.3677;4.1203;4.2681;3063593.47
1655020800000;4.2696;4.3703;4.1758;4.2609;2182772.58
1655035200000;4.261;4.5123;4.0717;4.3651;5048121.93
1655049600000;4.3625;4.4102;4.2425;4.2578;1604223.96
1655064000000;4.2568;4.2822;3.8753;3.8887;2643791.42
1655078400000;3.8873;3.9899;3.5381;3.7846;9726831.63
1655092800000;3.7858;3.9283;3.5257;3.607;6831004.37
1655107200000;3.6079;3.7497;3.3286;3.4304;8970114.48
1655121600000;3.431;3.5815;3.2096;3.4334;7783727.42
1655136000000;3.4346;3.6733;3.3999;3.4573;4135139.8
1655150400000;3.4573;3.6786;3.3094;3.4913;2303366.2
1655164800000;3.4854;3.6424;3.25;3.6101;6608798.57
1655179200000;3.6099;3.95;3.5348;3.8307;7261513.88
1655193600000;3.8284;3.8412;3.4916;3.5388;3626501.84
1655208000000;3.5393;3.751;3.4383;3.7171;4461505.19
1655222400000;3.7166;3.7316;3.503;3.5519;2443600.25
1655236800000;3.5526;3.6588;3.3841;3.6163;2466304.07
1655251200000;3.6163;3.6843;3.4591;3.4759;1937716.13
1655265600000;3.475;3.4865;3.2626;3.2901;4232451.51
1655280000000;3.2897;3.3327;3.0661;3.3043;7934634.02
1655294400000;3.3043;3.4146;3.2305;3.309;3194719.46
1655308800000;3.3086;3.9152;3.1328;3.7173;10224337.08
1655323200000;3.7172;4.283;3.6395;4.1635;5544293.7
1655337600000;4.1629;4.3;3.9167;3.9168;5561592.42
1655352000000;3.9146;3.9879;3.7217;3.7468;3408067.83
1655366400000;3.7468;3.8234;3.4666;3.5192;4085465.16
1655380800000;3.5176;3.6236;3.3837;3.51;5183999.28
1655395200000;3.51;3.6;3.39;3.4434;2980730.92
1655409600000;3.4427;3.5183;3.2967;3.3778;2137057.11
1655424000000;3.3778;3.6062;3.3454;3.4663;2880061.29
1655438400000;3.4675;3.7735;3.4539;3.639;2353557.88
1655452800000;3.6394;3.683;3.5167;3.5723;2146065.17
1655467200000;3.5709;3.6664;3.4772;3.5636;3101995.33
1655481600000;3.5601;3.7369;3.5342;3.6174;3043234.55
1655496000000;3.6188;3.8469;3.6149;3.7429;2575620.96
1655510400000;3.7427;3.8675;3.5532;3.5872;2896184.3
1655524800000;3.5869;3.64;3.2838;3.3228;4166056.1
1655539200000;3.3217;3.4515;3.2006;3.3548;4150951.16
1655553600000;3.3563;3.413;3.3283;3.3744;1346738.11
1655568000000;3.3761;3.476;3.2352;3.2426;3838965.98
1655582400000;3.2427;3.7691;3.1194;3.6197;6929197.06
1655596800000;3.6215;3.674;3.4304;3.44;3376558.88
1655611200000;3.4407;3.6568;3.4048;3.5622;3485167.46
1655625600000;3.5638;3.9686;3.5121;3.864;5523823.38
1655640000000;3.8645;3.9579;3.7822;3.9391;4318637.55
1655654400000;3.9366;4.1241;3.86;4.0877;4734126.66
1655668800000;4.0877;4.5231;4.0363;4.1303;8822924.83
1655683200000;4.1292;4.1547;3.8554;3.9558;5247052.51
1655697600000;3.9576;4.21;3.9476;4.0385;4291292.82
1655712000000;4.0404;4.6495;4.0115;4.584;7273587.66
1655726400000;4.5846;4.8348;4.3514;4.7947;7123291.42
1655740800000;4.7968;4.8173;4.3761;4.3845;7489827.17
1655755200000;4.3841;4.57;4.3032;4.4922;3390296.99
1655769600000;4.4901;4.6602;4.4638;4.5963;4470617.13
1655784000000;4.5962;4.86;4.4935;4.6957;5288433.78
1655798400000;4.6961;4.8169;4.5064;4.5194;3774051.71
1655812800000;4.5204;4.7771;4.4672;4.5815;5186700.44
1655827200000;4.5809;4.6625;4.339;4.3455;3282309.75
1655841600000;4.3448;4.4878;4.3224;4.3973;2163400.26
1655856000000;4.4002;4.4055;4.104;4.1079;3373997.36
1655870400000;4.1079;4.2272;4.04;4.0524;3428420.34
1655884800000;4.0538;4.2492;4.0216;4.1733;2571096.88
1655899200000;4.1738;4.3888;4.0781;4.1502;3684639.77
1655913600000;4.1508;4.2666;4.056;4.1397;2138525.79
1655928000000;4.1399;4.1669;3.9516;3.9818;2253640.05
1655942400000;3.9799;4.2871;3.9606;4.1672;2472699.81
1655956800000;4.1672;4.3043;4.1527;4.2369;1734040.08
1655971200000;4.2368;4.378;4.2222;4.3533;2460497.62
1655985600000;4.3523;4.4642;4.1871;4.2659;3079461.08
1656000000000;4.2659;4.3999;4.1766;4.3878;1600870.53
1656014400000;4.3862;4.48;4.322;4.3912;2016749.93
1656028800000;4.3922;4.6207;4.3556;4.4819;2711835.06
1656043200000;4.482;4.5249;4.35;4.4259;1524644
1656057600000;4.4259;4.5426;4.3575;4.4869;1467604.81
1656072000000;4.4879;4.579;4.3911;4.4387;2119200.65
1656086400000;4.4381;4.5159;4.3618;4.5125;1154766.22
1656100800000;4.5139;4.6009;4.4781;4.4871;1186859.64
1656115200000;4.4883;4.5957;4.4087;4.4735;1534542.66
1656129600000;4.4733;4.678;4.4472;4.6482;1601984.37
1656144000000;4.6481;4.6673;4.5309;4.5477;1306944.79
1656158400000;4.548;4.5598;4.3074;4.3366;2345350.45
1656172800000;4.337;4.4459;4.2858;4.4092;1474638.96
1656187200000;4.4083;4.5825;4.385;4.556;1291109.63
1656201600000;4.5558;4.9897;4.5139;4.8991;4826450.41
1656216000000;4.8995;5.24;4.8882;5.1567;6001834.73
1656230400000;5.1565;5.2902;5.0522;5.2002;3763391.23
1656244800000;5.2004;5.305;5.0655;5.177;4386388.11
1656259200000;5.1742;5.2;4.8398;4.9472;3569815.94
1656273600000;4.948;4.9954;4.6776;4.6967;2413257.62
1656288000000;4.6953;4.9741;4.6667;4.9397;2421633.17
1656302400000;4.9424;4.9795;4.7427;4.8864;2012030.89
1656316800000;4.8869;4.9502;4.7744;4.783;1805913.52
1656331200000;4.7837;4.864;4.6536;4.7931;3187136.91
1656345600000;4.7931;5.0377;4.735;4.9;2713146.43
1656360000000;4.9021;5.2613;4.9021;5.1193;3461847.95
1656374400000;5.12;5.1836;4.7937;4.9185;4079031.46
1656388800000;4.9186;5.2177;4.8614;5.1525;2753910.24
1656403200000;5.1512;5.5769;5.1363;5.3705;6391999.43
1656417600000;5.3689;5.56;5.1621;5.1678;5032750.06
1656432000000;5.1681;5.2934;5.0631;5.0978;5665263.98
1656446400000;5.0989;5.149;4.872;4.9014;2646374
1656460800000;4.9027;5.1351;4.8104;5.0233;3346702.3
1656475200000;5.0222;5.0529;4.706;4.8229;3320557.71
1656489600000;4.8227;4.8846;4.6849;4.7464;3247429.49
1656504000000;4.7456;4.8245;4.6073;4.7439;3092363.69
1656518400000;4.7438;4.813;4.6386;4.8079;1719515.32
1656532800000;4.8083;4.9018;4.6504;4.6982;2102877.91
1656547200000;4.6995;4.7583;4.5081;4.5948;1482122.83
1656561600000;4.5949;4.6361;4.3071;4.3611;2400008.32
1656576000000;4.3587;4.3818;4.2155;4.287;2453739.69
1656590400000;4.2864;4.4074;4.2166;4.3447;2408546.24
1656604800000;4.3432;4.4666;4.2648;4.3386;1265991.75
1656619200000;4.3385;4.6859;4.2527;4.6385;2338292.44
1656633600000;4.6349;4.8259;4.4412;4.4461;3105935.52
1656648000000;4.4453;4.56;4.3776;4.5512;1914802.13
1656662400000;4.5521;4.5998;4.3513;4.4037;1695882.92
1656676800000;4.4039;4.5405;4.3676;4.4391;1306886.12
1656691200000;4.4375;4.6206;4.4126;4.566;1096106.75
1656705600000;4.5678;4.7707;4.4982;4.532;1234234.52
1656720000000;4.5345;4.6338;4.3624;4.3853;1652632.49
1656734400000;4.3868;4.4804;4.3762;4.4189;736283.51
1656748800000;4.4189;4.5005;4.3786;4.462;652215.67
1656763200000;4.462;4.56;4.4265;4.4631;1156607.51
1656777600000;4.4636;4.5714;4.4338;4.5135;835414.86
1656792000000;4.5125;4.5912;4.4777;4.5202;480247.93
1656806400000;4.5204;4.6845;4.4711;4.6418;1048420.16
1656820800000;4.6426;4.71;4.5268;4.6218;1243751.92
1656835200000;4.6229;4.6264;4.5182;4.5728;784342.34
1656849600000;4.5756;4.6381;4.5108;4.5142;852788.89
1656864000000;4.5141;4.6594;4.5096;4.6346;805767.46
1656878400000;4.6365;4.6627;4.5338;4.5723;800481.78
1656892800000;4.5717;4.6283;4.41;4.4475;1091108.36
1656907200000;4.4473;4.4902;4.4178;4.4369;639688.86
1656921600000;4.4364;4.6232;4.4292;4.6183;1317606.23
1656936000000;4.6188;4.7116;4.5476;4.6411;1860743.14
1656950400000;4.6376;4.8097;4.6012;4.7289;1404918.48
1656964800000;4.7294;4.95;4.6991;4.9226;1689194.36
1656979200000;4.9243;5.1;4.8882;5.0223;2558280.47
1656993600000;5.0215;5.0927;4.9129;4.9383;1544655.95
1657008000000;4.9383;4.9459;4.6859;4.6926;2527651.94
1657022400000;4.6944;4.7927;4.6138;4.7747;2349341.05
1657036800000;4.7758;5;4.7353;4.9483;2138848.57
1657051200000;4.9473;5.0713;4.8278;4.9163;2143152.41
1657065600000;4.9163;4.9623;4.7576;4.8654;1943674.79
1657080000000;4.8653;5.0099;4.8076;4.8936;2291669.06
1657094400000;4.894;4.9606;4.841;4.8796;1477774.88
1657108800000;4.8785;5.167;4.82;4.9955;3875276.44
1657123200000;4.9955;5.0194;4.9573;4.9745;251031.94
